{
    "counter": {
        "ACTIVE": 15676,
        "INACTIVE": 5324,
        "INVALID": 0,
        "MALICIOUS": 0,
        "SANE": 0,
        "VALID": 0,
        "total": 21000
    },
    "percentage": {
        "ACTIVE": 74.65117386542217,
        "INACTIVE": 25.35238095238095,
        "INVALID": 0,
        "MALICIOUS": 0,
        "SANE": 0,
        "VALID": 0,
        "total": 100.00355481780312
    }
}