{
    "counter": {
        "ACTIVE": 19431,
        "INACTIVE": 1569,
        "INVALID": 0,
        "MALICIOUS": 0,
        "SANE": 0,
        "VALID": 0,
        "total": 21000
    },
    "percentage": {
        "ACTIVE": 92.52857142857142,
        "INACTIVE": 7.482474128475368,
        "INVALID": 0,
        "MALICIOUS": 0,
        "SANE": 0,
        "VALID": 0,
        "total": 100.0110455570468
    }
}