{
    "counter": {
        "ACTIVE": 19217,
        "INACTIVE": 1783,
        "INVALID": 0,
        "MALICIOUS": 0,
        "SANE": 0,
        "VALID": 0,
        "total": 21000
    },
    "percentage": {
        "ACTIVE": 91.50952380952381,
        "INACTIVE": 8.50302827984167,
        "INVALID": 0,
        "MALICIOUS": 0,
        "SANE": 0,
        "VALID": 0,
        "total": 100.01255208936549
    }
}