{
    "counter": {
        "ACTIVE": 18201,
        "INACTIVE": 2799,
        "INVALID": 0,
        "MALICIOUS": 0,
        "SANE": 0,
        "VALID": 0,
        "total": 21000
    },
    "percentage": {
        "ACTIVE": 86.67142857142858,
        "INACTIVE": 13.32857142857143,
        "INVALID": 0.0,
        "MALICIOUS": 0.0,
        "SANE": 0.0,
        "VALID": 0.0,
        "total": 100.0
    }
}