{
    "counter": {
        "ACTIVE": 18822,
        "INACTIVE": 2178,
        "INVALID": 0,
        "MALICIOUS": 0,
        "SANE": 0,
        "VALID": 0,
        "total": 21000
    },
    "percentage": {
        "ACTIVE": 89.62857142857143,
        "INACTIVE": 10.378842030021444,
        "INVALID": 0,
        "MALICIOUS": 0,
        "SANE": 0,
        "VALID": 0,
        "total": 100.00741345859288
    }
}