{
    "counter": {
        "ACTIVE": 19053,
        "INACTIVE": 1947,
        "INVALID": 0,
        "MALICIOUS": 0,
        "SANE": 0,
        "VALID": 0,
        "total": 21000
    },
    "percentage": {
        "ACTIVE": 90.72857142857143,
        "INACTIVE": 9.285135199580333,
        "INVALID": 0,
        "MALICIOUS": 0,
        "SANE": 0,
        "VALID": 0,
        "total": 100.01370662815177
    }
}