{
    "counter": {
        "ACTIVE": 19755,
        "INACTIVE": 1245,
        "INVALID": 0,
        "MALICIOUS": 0,
        "SANE": 0,
        "VALID": 0,
        "total": 21000
    },
    "percentage": {
        "ACTIVE": 94.07142857142857,
        "INACTIVE": 5.9328091493924235,
        "INVALID": 0,
        "MALICIOUS": 0,
        "SANE": 0,
        "VALID": 0,
        "total": 100.004237720821
    }
}